epoch,train_loss,train_acc,test_loss,test_acc
1,0.7804597062811198,0.7633802816901408,0.7609809266213317,0.7842509603072984
