epoch,train_loss,train_acc,test_loss,test_acc
1,0.7804597062811198,0.7633802816901408,0.7609809266213317,0.7842509603072984
2,0.7412031441685282,0.8044921041399915,0.7445400629753849,0.8023474178403756
3,0.7193859014025723,0.8280516431924883,0.7550885877902316,0.7927016645326505
4,0.705484395728272,0.8426376440460948,0.738750959841858,0.8072129748186087
5,0.6955256908890329,0.8531583440034144,0.7381791602583253,0.8108834827144686
6,0.6892614965529408,0.8600832266325225,0.7375834385655754,0.8093896713615023
7,0.6808013022276667,0.8682031583440034,0.7343499287651281,0.8119504908237303
8,0.6747820566441328,0.8747759282970551,0.7405815971747353,0.8083226632522407
